title,price
BELL Visier 3-Snap ECE 22.06,39.95
BELL SRT Visier Panovision Shield,53.1
BELL SRT Modular Visier Inner Shield,12.45
BELL Bullitt GT Flat Shield - schwarze Lasche,39.95
BELL Broozer Visier Shield,17
ARAI Visier Vas-V Max Visor & PSS - grau,124.90
ARAI Visier VAS-V Max Vision,89.99
ARAI Tour-X5 Visier VAS-A MAX Vision,99.99
AGV X3000 Visier Flat Shield mit Pins,43.77
AGV X3000 Visier Flat Shield,55.77
AGV Tourmodular Visier Flat Shield,49.77Ы
AGV K6 Visier Flat Shield,49.77
DMD Helm Visier Flip-Up Visor - dunkel getönt,76.00
DAVIDA Visier DPV,29
BY CITY Roadster 3 Visier,32.99
BY CITY Roadster 3 Antibeschlagscheibe,26.00
BOB HEATH Visier 5-Snap Wave 6 Vents,39
BILTWELL Lane Splitter Visier Flat Shield Pinlock® 70 - selbsttönend,159.00
BILTWELL Lane Splitter Visier Flat Shield ECE 22.05,36.4
BILTWELL Lane Splitter Visier Flat Shield 22.06,49.00
BILTWELL Gringo Visier Blast Shield,29.99
BILTWELL Gringo S/SV Visier Flat Shield Pinlock® - selbsttönend,155.00
BILTWELL Gringo S/SV Visier Flat Shield ECE 22.06,59.99
BELL Visier 3-Snap Flat Shield,32
HJC i40N Visier XD-15,59.00
HJC F71 & i71 Visier HJ-38,55.00
HJC F100 Visier HJ-45,59
HEDON Heroine Racer Antibeschlagscheibe,41.00
HEDON Heroine Racer 2.0 Visier,109
HEDON Epicurist 2.0 Visier,89
DMD Rocket Visier,21.50
DMD Rivale Visier ECE 22.06,66.00
DMD Rivale Visier ECE 05,21.50
DMD P1 Visier P1 Cover Visor,24.5
DMD Helm Visier Full Visor - transparent,49.00
DMD Helm Visier Full Visor - dunkel-getönt,54.00
ROEG Sundown Sonnenblende - grau,19.00
ROEG RX1 Visier,38
ROEG RX1 Antibeschlagscheibe,19.00
ROEG Chase Visier Flat Shield,39
QWART Phoenix - Visier,79
NOLAN N21 VISOR Visier lang,37.99
JOHN DOE ONE Visier - ECE,49.90
HJC V60 & V31 Visier IS-10,39.95
HJC V10 Visier HJ-41,59.00
HJC Sonnenblende HJ-V12,35.00
HJC RPHA 91 Visier HJ-37,59.00
HJC RPHA 60 Visier HJ-47,59.00
SCORPION EXO City 2 Sonnenblende KS-4 - dunkelgrau,18.00
SCORPION EXO Belfast Evo Sonnenblende,29
SCORPION EXO ADX-2 Visier KDF-32,39
SCORPION EXO ADF-9000 AIR Visier KDS-A-01,49
SCORPION EXO ADF-9000 AIR Sonnenblende KS-A-01 - dunkelgrau,24.00
SCORPION EXO 520 EVO Air Visier KDF-16-1,39
SCORPION EXO 520 EVO Air Sonnenblende KS-10 - dunkelgrau,18.00
SCHUBERTH J2 Visier SV7,75.00
SCHUBERTH J2 Sonnenblende,49.90
SCHUBERTH E2 Visier SV6-E,75.00
SCHUBERTH C5 Sonnenblende,49.90
SCHUBERTH C5 & S3 Visier SV6,75.00
SCORPION EXO City 2 Visier KDS-O-01,39
SHOEI J-Cruise Visier CJ-2 PN,99.95
SHOEI J-Cruise Schirm V-440,29.95
SHOEI Hornet ADV Visier CNS-2,69.95
SHOEI GT-Air 3 Visier CNS-1C,74.95
SHOEI Glamster Visier CPB-1V,79.95
SHOEI Glamster Visier CPB-1 - transparent,79.95
SHOEI EX-Zero & J.O Visier CJ-3,44.95
SENA Phantom Visier,36.90
SCORPION EXO Tech EVO Pro/ EVO Carbon Visier KDF-18-1,39
SCORPION EXO Tech & ADX-2 Sonnenblende KS-11 - dunkelgrau,19.00
SCORPION EXO Covert FX Visier KDS-F-01,46
SIMPSON Venom/Speed Visier,79.99
SIMPSON Venom Sonnenblende - grau,25.95
SHOEI Sonnenblende QSV-2,39.95
SHOEI NXR2 Visier CWR-F2,69.95
SHOEI Neotec 3 Visier CNS-3C,74.95
SHOEI Neotec 2 Visier CNS-3,59.96
SHOEI J.O2 Visier CJ-4,54.95
SHOEI J-Cruise Visier CJ-2SP E6,99.95
